{
    "name": "Prueba1",
    "x": 1.247923847923,
    "y": 1.789374
    
  }