{

  "name": "Torre del Oro",
  "x": 37.382709,
  "y": -5.996168
}