{
  "name": "Casa Misteriosa",
  "x": -3.727966,
  "y": 40.383197
}