{
  "name": "Casa Veraniega",
  "x": 28.133883,
  "y": -15.432548
}