{
  "name": "Puerto",
  "x": 28.134959,
  "y": -15.424954
}