{
  "name": "Casa Rústica",
  "x": 37.69388,
  "y": -4.485772
}