{
  "name": "Castillo Castro del Rio",
  "x": 37.690445,
  "y": -4.480237
}