{
  "name": "Puerta de Alcalá",
  "x": 40.419957,
  "y": -3.689169
}