{
  "id": "67cdbaeb9efa2340c96eecc3",
  "name": "Bat",
  "mesh": "batMesh",
  "levelUnlock": 12,
  "life": 120,
  "basicDamage": 25,
  "defense": 0.30000001192092896,
  "idZone": 3,
  "attacks": [
    {
      "name": "Wing Slash",
      "damage": 30,
      "percent": 0.8500000238418579,
      "type": 1
    },
    {
      "name": "Echo Scream",
      "damage": 35,
      "percent": 0.8999999761581421,
      "type": 3
    }
  ]
}